Churn_Numeric,Total_Combined_Charge,Total_Mins,CustServ Calls,Customer_Count
0,58.448807017543864,584.5111228070175,1.4498245614035088,2850
1,65.35596273291925,635.2559006211179,2.229813664596273,483
